favorite,underdog,spread,favorite_win_prob,underdog_win_prob,favorite_ev,is_3pt_underdog,underdog_ev,pick,actual_winner
PHI,DAL,8.5,0.7596813767445917,0.24031862325540831,0.7596813767445917,True,0.7209558697662249,PHI,PHI
KC,LAC,3.0,0.7734528650286949,0.22654713497130508,0.7734528650286949,False,0.45309426994261015,KC,LAC
TB,ATL,1.5,0.5783162879591934,0.42168371204080657,0.5783162879591934,False,0.8433674240816131,ATL,TB
CIN,CLE,5.5,0.7472925445009795,0.2527074554990205,0.7472925445009795,False,0.505414910998041,CIN,CIN
IND,MIA,1.5,0.5626210141210721,0.4373789858789279,0.5626210141210721,False,0.8747579717578557,MIA,IND
JAX,CAR,4.5,0.6108627644847175,0.38913723551528245,0.6108627644847175,False,0.7782744710305649,CAR,JAX
NE,LV,2.5,0.5698028785630449,0.4301971214369551,0.5698028785630449,False,0.8603942428739102,LV,LV
ARI,NO,6.0,0.6945784345286039,0.3054215654713961,0.6945784345286039,False,0.6108431309427922,ARI,ARI
PIT,NYJ,3.0,0.6220268758987948,0.3779731241012052,0.6220268758987948,False,0.7559462482024104,NYJ,PIT
WAS,NYG,6.0,0.6484473051304722,0.3515526948695278,0.6484473051304722,False,0.7031053897390556,NYG,WAS
DEN,TEN,8.5,0.7580682728379151,0.2419317271620849,0.7580682728379151,True,0.7257951814862547,DEN,DEN
SF,SEA,2.5,0.6088773086151138,0.3911226913848862,0.6088773086151138,False,0.7822453827697724,SEA,SF
GB,DET,1.5,0.49132359455723595,0.508676405442764,0.49132359455723595,False,1.017352810885528,DET,GB
LA,HOU,3.5,0.5475947972462392,0.45240520275376084,0.5475947972462392,False,0.9048104055075217,HOU,LA
BAL,BUF,1.5,0.4964295121027066,0.5035704878972934,0.4964295121027066,False,1.0071409757945868,BUF,BUF
MIN,CHI,1.5,0.5516302472313195,0.4483697527686805,0.5516302472313195,False,0.896739505537361,CHI,MIN
GB,WAS,3.5,0.6237874060675834,0.3762125939324166,0.6237874060675834,False,0.7524251878648331,WAS,GB
BAL,CLE,12.5,0.8480441021113778,0.15195589788862218,0.8480441021113778,True,0.45586769366586655,BAL,BAL
CIN,JAX,3.5,0.6103959015180029,0.38960409848199706,0.6103959015180029,False,0.7792081969639941,JAX,CIN
DAL,NYG,4.5,0.5287958106957559,0.4712041893042441,0.5287958106957559,False,0.9424083786084883,NYG,DAL
DET,CHI,6.0,0.6770708441427538,0.32292915585724624,0.6770708441427538,False,0.6458583117144925,DET,DET
MIA,NE,1.5,0.47742273273115904,0.5225772672688409,0.47742273273115904,False,1.0451545345376818,NE,NE
SF,NO,3.0,0.5939351690701413,0.4060648309298587,0.5939351690701413,False,0.8121296618597174,NO,SF
BUF,NYJ,6.0,0.7254673279190624,0.27453267208093757,0.7254673279190624,False,0.5490653441618751,BUF,BUF
PIT,SEA,3.5,0.5739017625561986,0.4260982374438014,0.5739017625561986,False,0.8521964748876028,SEA,SEA
LA,TEN,5.5,0.7298466238417218,0.27015337615827817,0.7298466238417218,False,0.5403067523165563,LA,LA
ARI,CAR,7.0,0.6878754548928138,0.31212454510718624,0.6878754548928138,True,0.9363736353215587,CAR,ARI
DEN,IND,2.5,0.6197111592898987,0.3802888407101013,0.6197111592898987,False,0.7605776814202025,IND,IND
PHI,KC,1.5,0.600084271863105,0.399915728136895,0.600084271863105,False,0.79983145627379,KC,PHI
MIN,ATL,3.5,0.6681834522937035,0.33181654770629654,0.6681834522937035,False,0.6636330954125931,MIN,ATL
HOU,TB,2.5,0.5663938009950829,0.43360619900491715,0.5663938009950829,False,0.8672123980098343,TB,TB
LAC,LV,3.5,0.6684617092457017,0.3315382907542983,0.6684617092457017,False,0.6630765815085966,LAC,LAC
BUF,MIA,12.5,0.9014789289892037,0.09852107101079632,0.9014789289892037,True,0.29556321303238897,BUF,BUF
ATL,CAR,5.5,0.7448900222570629,0.2551099777429371,0.7448900222570629,False,0.5102199554858742,ATL,CAR
GB,CLE,8.5,0.7973225008973593,0.20267749910264066,0.7973225008973593,True,0.608032497307922,GB,CLE
JAX,HOU,1.5,0.48354737050159396,0.516452629498406,0.48354737050159396,False,1.032905258996812,HOU,JAX
MIN,CIN,3.0,0.618822751849488,0.381177248150512,0.618822751849488,False,0.762354496301024,CIN,MIN
PIT,NE,1.5,0.5617378507962385,0.4382621492037615,0.5617378507962385,False,0.876524298407523,NE,PIT
PHI,LA,3.5,0.5763989338781529,0.4236010661218471,0.5763989338781529,False,0.8472021322436942,LA,PHI
TB,NYJ,6.5,0.6880746646598814,0.31192533534011857,0.6880746646598814,False,0.6238506706802371,TB,TB
IND,TEN,6.0,0.7579202640443111,0.24207973595568888,0.7579202640443111,False,0.48415947191137776,IND,IND
WAS,LV,2.5,0.5341588196183095,0.46584118038169053,0.5341588196183095,False,0.9316823607633811,LV,WAS
LAC,DEN,2.5,0.49511011360801915,0.5048898863919808,0.49511011360801915,False,1.0097797727839617,DEN,LAC
SEA,NO,7.5,0.7604201036822671,0.2395798963177329,0.7604201036822671,True,0.7187396889531987,SEA,SEA
DAL,CHI,1.5,0.5825330498847887,0.4174669501152113,0.5825330498847887,False,0.8349339002304226,CHI,CHI
SF,ARI,1.5,0.4960153035934242,0.5039846964065757,0.4960153035934242,False,1.0079693928131515,ARI,SF
KC,NYG,6.0,0.6742049964353691,0.32579500356463087,0.6742049964353691,False,0.6515900071292617,KC,KC
BAL,DET,4.5,0.6405429083155804,0.35945709168441964,0.6405429083155804,False,0.7189141833688393,DET,DET
SEA,ARI,1.5,0.5936464373757651,0.40635356262423494,0.5936464373757651,False,0.8127071252484699,ARI,SEA
MIN,PIT,2.5,0.646592187285344,0.35340781271465604,0.646592187285344,False,0.7068156254293121,PIT,PIT
ATL,WAS,2.5,0.547201953021671,0.45279804697832904,0.547201953021671,False,0.9055960939566581,WAS,ATL
BUF,NO,15.5,0.9355219089119364,0.06447809108806357,0.9355219089119364,True,0.19343427326419071,BUF,BUF
DET,CLE,10.0,0.8136233953280101,0.1863766046719899,0.8136233953280101,True,0.5591298140159697,DET,DET
HOU,TEN,7.5,0.7133770310656771,0.28662296893432293,0.7133770310656771,True,0.8598689068029688,TEN,HOU
NE,CAR,5.5,0.6878913470047431,0.3121086529952569,0.6878913470047431,False,0.6242173059905138,NE,NE
LAC,NYG,6.0,0.706897678444208,0.29310232155579197,0.706897678444208,False,0.5862046431115839,LAC,NYG
PHI,TB,3.5,0.664170544103464,0.335829455896536,0.664170544103464,False,0.671658911793072,TB,PHI
LA,IND,3.5,0.5532153053417238,0.4467846946582762,0.5532153053417238,False,0.8935693893165524,IND,LA
SF,JAX,3.5,0.5938076861330615,0.40619231386693855,0.5938076861330615,False,0.8123846277338771,JAX,JAX
BAL,KC,2.5,0.6132109793213242,0.3867890206786758,0.6132109793213242,False,0.7735780413573516,KC,KC
LV,CHI,1.5,0.5040917967312424,0.4959082032687576,0.5040917967312424,False,0.9918164065375152,CHI,CHI
GB,DAL,7.0,0.7791234020629946,0.22087659793700543,0.7791234020629946,True,0.6626297938110163,GB,GB
MIA,NYJ,2.5,0.5389933020066404,0.4610066979933596,0.5389933020066404,False,0.9220133959867192,NYJ,MIA
DEN,CIN,7.5,0.7429363201583535,0.25706367984164646,0.7429363201583535,True,0.7711910395249394,CIN,DEN
LA,SF,8.5,0.7494826891729656,0.25051731082703443,0.7494826891729656,True,0.7515519324811033,SF,SF
MIN,CLE,3.5,0.6744429187658896,0.3255570812341104,0.6744429187658896,False,0.6511141624682208,MIN,MIN
HOU,BAL,2.5,0.6290407882579858,0.3709592117420142,0.6290407882579858,False,0.7419184234840284,BAL,HOU
MIA,CAR,1.5,0.5900823268444033,0.4099176731555967,0.5900823268444033,False,0.8198353463111934,CAR,CAR
IND,LV,7.0,0.713103640467732,0.286896359532268,0.713103640467732,True,0.860689078596804,LV,IND
NO,NYG,1.5,0.5668128678715987,0.4331871321284013,0.5668128678715987,False,0.8663742642568026,NYG,NO
NYJ,DAL,1.5,0.6053462607588143,0.39465373924118574,0.6053462607588143,False,0.7893074784823715,DAL,DAL
PHI,DEN,3.5,0.5838612384471601,0.4161387615528399,0.5838612384471601,False,0.8322775231056798,DEN,DEN
ARI,TEN,7.5,0.7039325828289936,0.2960674171710064,0.7039325828289936,True,0.8882022515130191,TEN,TEN
SEA,TB,3.5,0.6255963277462268,0.37440367225377325,0.6255963277462268,False,0.7488073445075465,TB,TB
DET,CIN,10.5,0.7915069670446401,0.20849303295535992,0.7915069670446401,True,0.6254790988660798,DET,DET
LAC,WAS,2.5,0.5177527794077106,0.4822472205922894,0.5177527794077106,False,0.9644944411845788,WAS,WAS
BUF,NE,7.5,0.7894403954136789,0.21055960458632106,0.7894403954136789,True,0.6316788137589632,BUF,NE
KC,JAX,3.5,0.6343281910069789,0.3656718089930211,0.6343281910069789,False,0.7313436179860422,JAX,JAX
PHI,NYG,7.0,0.6936269494646288,0.3063730505353712,0.6936269494646288,True,0.9191191516061137,NYG,NYG
DEN,NYJ,7.5,0.7772998600212184,0.22270013997878157,0.7772998600212184,True,0.6681004199363447,DEN,DEN
LA,BAL,7.0,0.7631473177336512,0.2368526822663488,0.7631473177336512,True,0.7105580467990464,LA,LA
DAL,CAR,3.0,0.6418114715639849,0.3581885284360151,0.6418114715639849,False,0.7163770568720302,CAR,CAR
IND,ARI,8.5,0.7616700263941254,0.2383299736058746,0.7616700263941254,True,0.7149899208176238,IND,IND
SEA,JAX,1.5,0.5514365619034827,0.44856343809651733,0.5514365619034827,False,0.8971268761930347,JAX,SEA
LAC,MIA,3.5,0.656624229825248,0.34337577017475196,0.656624229825248,False,0.6867515403495039,MIA,LAC
NE,NO,3.5,0.5996884018870077,0.40031159811299233,0.5996884018870077,False,0.8006231962259847,NO,NE
PIT,CLE,5.5,0.627057058311139,0.372942941688861,0.627057058311139,False,0.745885883377722,CLE,PIT
LV,TEN,3.5,0.586344084328949,0.413655915671051,0.586344084328949,False,0.827311831342102,TEN,LV
GB,CIN,14.0,0.8905757087245629,0.10942429127543707,0.8905757087245629,True,0.3282728738263112,GB,GB
TB,SF,3.5,0.5895239224731008,0.4104760775268992,0.5895239224731008,False,0.8209521550537984,SF,TB
KC,DET,2.5,0.5821330109909908,0.4178669890090092,0.5821330109909908,False,0.8357339780180184,DET,KC
BUF,ATL,3.5,0.6445256434843029,0.35547435651569714,0.6445256434843029,False,0.7109487130313943,ATL,ATL
WAS,CHI,5.5,0.6626952564673362,0.3373047435326638,0.6626952564673362,False,0.6746094870653276,CHI,CHI
PIT,CIN,5.5,0.6590350745052358,0.3409649254947642,0.6590350745052358,False,0.6819298509895284,CIN,CIN
LA,JAX,3.0,0.655978962077473,0.34402103792252703,0.655978962077473,False,0.6880420758450541,JAX,LA
CHI,NO,4.5,0.6272590876635269,0.3727409123364731,0.6272590876635269,False,0.7454818246729462,NO,CHI
CLE,MIA,2.5,0.5486715848682695,0.4513284151317305,0.5486715848682695,False,0.902656830263461,MIA,CLE
KC,LV,13.5,0.87498455557878,0.12501544442122003,0.87498455557878,True,0.3750463332636601,KC,KC
PHI,MIN,2.5,0.5895042395778667,0.4104957604221333,0.5895042395778667,False,0.8209915208442666,MIN,PHI
NYJ,CAR,1.5,0.6084891388001795,0.3915108611998205,0.6084891388001795,False,0.783021722399641,CAR,CAR
NE,TEN,6.5,0.7466000764130822,0.25339992358691776,0.7466000764130822,False,0.5067998471738355,NE,NE
DEN,NYG,7.5,0.7308998215845703,0.26910017841542966,0.7308998215845703,True,0.807300535246289,NYG,DEN
LAC,IND,2.5,0.5225853498509313,0.4774146501490687,0.5225853498509313,False,0.9548293002981374,IND,IND
GB,ARI,7.0,0.7600322772179552,0.2399677227820448,0.7600322772179552,True,0.7199031683461344,GB,GB
DAL,WAS,1.5,0.4502760300340647,0.5497239699659353,0.4502760300340647,False,1.0994479399318706,WAS,DAL
SF,ATL,1.5,0.6081194373015504,0.3918805626984496,0.6081194373015504,False,0.7837611253968992,ATL,SF
DET,TB,6.0,0.7191981790064319,0.2808018209935681,0.7191981790064319,False,0.5616036419871362,DET,DET
SEA,HOU,3.0,0.6155142593423356,0.3844857406576644,0.6155142593423356,False,0.7689714813153288,HOU,SEA
LAC,MIN,3.0,0.5803930534001613,0.41960694659983866,0.5803930534001613,False,0.8392138931996773,MIN,LAC
ATL,MIA,7.0,0.7200194235283831,0.2799805764716169,0.7200194235283831,True,0.8399417294148507,MIA,MIA
BAL,CHI,2.5,0.5350119373408335,0.4649880626591665,0.5350119373408335,False,0.929976125318333,CHI,BAL
BUF,CAR,7.0,0.7620980831125806,0.23790191688741935,0.7620980831125806,True,0.713705750662258,BUF,BUF
CIN,NYJ,5.5,0.6910949176474702,0.3089050823525298,0.6910949176474702,False,0.6178101647050596,CIN,NYJ
HOU,SF,2.5,0.5613683879981631,0.43863161200183687,0.5613683879981631,False,0.8772632240036737,SF,HOU
NE,CLE,7.0,0.7435974123916257,0.2564025876083743,0.7435974123916257,True,0.7692077628251229,CLE,NE
PHI,NYG,7.0,0.6986654657910533,0.30133453420894674,0.6986654657910533,True,0.9040036026268402,NYG,PHI
TB,NO,4.5,0.6302453783653816,0.36975462163461836,0.6302453783653816,False,0.7395092432692367,NO,TB
DEN,DAL,3.5,0.6046891048173757,0.3953108951826243,0.6046891048173757,False,0.7906217903652486,DAL,DEN
IND,TEN,15.5,0.925096731304174,0.07490326869582598,0.925096731304174,True,0.22470980608747793,IND,IND
GB,PIT,3.0,0.6145379634392594,0.38546203656074063,0.6145379634392594,False,0.7709240731214813,PIT,GB
KC,WAS,10.5,0.8327520853987068,0.16724791460129318,0.8327520853987068,True,0.5017437438038795,KC,KC
BAL,MIA,7.5,0.7116364830709307,0.28836351692906925,0.7116364830709307,True,0.8650905507872078,MIA,BAL
CHI,CIN,3.0,0.6009850305252054,0.39901496947479465,0.6009850305252054,False,0.7980299389495893,CIN,CHI
DET,MIN,9.5,0.7796058802583108,0.2203941197416892,0.7796058802583108,True,0.6611823592250676,DET,MIN
GB,CAR,12.5,0.8677112851151179,0.13228871488488214,0.8677112851151179,True,0.3968661446546464,GB,CAR
HOU,DEN,1.5,0.5224173810913346,0.4775826189086654,0.5224173810913346,False,0.9551652378173308,DEN,DEN
NE,ATL,5.5,0.6992994030770644,0.3007005969229356,0.6992994030770644,False,0.6014011938458712,NE,NE
SF,NYG,2.5,0.5828922721368088,0.41710772786319117,0.5828922721368088,False,0.8342154557263823,NYG,SF
IND,PIT,3.5,0.6522883771865764,0.3477116228134236,0.6522883771865764,False,0.6954232456268472,PIT,PIT
LAC,TEN,10.0,0.8047952072083755,0.1952047927916245,0.8047952072083755,True,0.5856143783748735,LAC,LAC
LA,NO,14.0,0.8794349117465626,0.12056508825343737,0.8794349117465626,True,0.3616952647603121,LA,LA
JAX,LV,2.5,0.6579226697718933,0.3420773302281067,0.6579226697718933,False,0.6841546604562134,LV,JAX
KC,BUF,2.5,0.5308195302590666,0.4691804697409334,0.5308195302590666,False,0.9383609394818668,BUF,BUF
SEA,WAS,2.5,0.6042550455987397,0.39574495440126034,0.6042550455987397,False,0.7914899088025207,WAS,SEA
DAL,ARI,3.5,0.5378573255239572,0.46214267447604285,0.5378573255239572,False,0.9242853489520857,ARI,ARI
DEN,LV,9.5,0.8140118322643575,0.18598816773564253,0.8140118322643575,True,0.5579645032069276,DEN,DEN
IND,ATL,6.5,0.6611895843932137,0.33881041560678626,0.6611895843932137,False,0.6776208312135725,ATL,IND
CAR,NO,5.5,0.6531891611284855,0.34681083887151454,0.6531891611284855,False,0.6936216777430291,NO,NO
CHI,NYG,4.5,0.6326531436587155,0.3673468563412845,0.6326531436587155,False,0.734693712682569,NYG,CHI
JAX,HOU,1.5,0.5529663585229785,0.4470336414770215,0.5529663585229785,False,0.894067282954043,HOU,HOU
BUF,MIA,8.5,0.7966410376983888,0.2033589623016112,0.7966410376983888,True,0.6100768869048336,BUF,MIA
BAL,MIN,4.5,0.6331719318938044,0.3668280681061956,0.6331719318938044,False,0.7336561362123912,MIN,BAL
CLE,NYJ,1.5,0.5824754323360244,0.4175245676639756,0.5824754323360244,False,0.8350491353279512,NYJ,NYJ
TB,NE,2.5,0.5402641766312782,0.45973582336872176,0.5402641766312782,False,0.9194716467374435,NE,NE
SEA,ARI,7.0,0.7486298666080871,0.25137013339191294,0.7486298666080871,True,0.7541104001757388,ARI,SEA
LA,SF,5.5,0.7134064007585743,0.2865935992414257,0.7134064007585743,False,0.5731871984828514,LA,LA
DET,WAS,8.5,0.7686745528842027,0.23132544711579728,0.7686745528842027,True,0.6939763413473918,DET,DET
LAC,PIT,3.0,0.5690748045447759,0.4309251954552241,0.5690748045447759,False,0.8618503909104482,PIT,LAC
GB,PHI,1.5,0.5833901661221882,0.4166098338778118,0.5833901661221882,False,0.8332196677556236,PHI,PHI
NE,NYJ,12.5,0.8983388055947643,0.10166119440523569,0.8983388055947643,True,0.30498358321570707,NE,NE
MIA,WAS,2.5,0.5429285157918388,0.45707148420816124,0.5429285157918388,False,0.9141429684163225,WAS,MIA
ATL,CAR,4.5,0.6240991911831637,0.3759008088168363,0.6240991911831637,False,0.7518016176336726,CAR,CAR
BUF,TB,6.0,0.7476090600365788,0.2523909399634212,0.7476090600365788,False,0.5047818799268424,BUF,BUF
LAC,JAX,3.0,0.6326736775313564,0.3673263224686436,0.6326736775313564,False,0.7346526449372872,JAX,JAX
MIN,CHI,3.0,0.622595018333474,0.37740498166652603,0.622595018333474,False,0.7548099633330521,CHI,CHI
GB,NYG,7.5,0.7178447700484158,0.28215522995158415,0.7178447700484158,True,0.8464656898547525,NYG,GB
PIT,CIN,5.5,0.6326239631118398,0.36737603688816023,0.6326239631118398,False,0.7347520737763205,CIN,PIT
HOU,TEN,5.5,0.7361466265365333,0.2638533734634667,0.7361466265365333,False,0.5277067469269334,HOU,HOU
SF,ARI,3.5,0.6780138934973023,0.32198610650269766,0.6780138934973023,False,0.6439722130053953,SF,SF
LA,SEA,3.0,0.5338044566603284,0.4661955433396716,0.5338044566603284,False,0.9323910866793432,SEA,LA
BAL,CLE,7.5,0.7517002178673182,0.24829978213268178,0.7517002178673182,True,0.7448993463980453,BAL,BAL
KC,DEN,3.5,0.6729759415815144,0.3270240584184856,0.6729759415815144,False,0.6540481168369712,KC,DEN
PHI,DET,2.5,0.5943441940325012,0.40565580596749884,0.5943441940325012,False,0.8113116119349977,DET,PHI
DAL,LV,3.5,0.6570678248746626,0.34293217512533736,0.6570678248746626,False,0.6858643502506747,LV,DAL
BUF,HOU,5.5,0.6553788279749347,0.34462117202506526,0.6553788279749347,False,0.6892423440501305,HOU,HOU
BAL,NYJ,14.0,0.8935298471145295,0.10647015288547046,0.8935298471145295,True,0.3194104586564114,BAL,BAL
CHI,PIT,3.0,0.5815471527629098,0.4184528472370902,0.5815471527629098,False,0.8369056944741804,PIT,CHI
NE,CIN,7.5,0.7333948837487005,0.26660511625129946,0.7333948837487005,True,0.7998153487538984,CIN,NE
DET,NYG,14.0,0.9063235394236147,0.09367646057638535,0.9063235394236147,True,0.28102938172915604,DET,DET
GB,MIN,6.5,0.6924367011588374,0.3075632988411626,0.6924367011588374,False,0.6151265976823252,GB,GB
KC,IND,3.5,0.5746432804381701,0.42535671956182985,0.5746432804381701,False,0.8507134391236597,IND,KC
SEA,TEN,12.5,0.8183018978236241,0.18169810217637594,0.8183018978236241,True,0.5450943065291278,SEA,SEA
JAX,ARI,2.5,0.6296548376560471,0.37034516234395287,0.6296548376560471,False,0.7406903246879057,ARI,JAX
LV,CLE,3.0,0.5849688972292074,0.4150311027707926,0.5849688972292074,False,0.8300622055415852,CLE,CLE
PHI,DAL,3.0,0.6831500995840087,0.31684990041599126,0.6831500995840087,False,0.6336998008319825,PHI,DAL
NO,ATL,1.5,0.5664865133814185,0.43351348661858147,0.5664865133814185,False,0.8670269732371629,ATL,ATL
LA,TB,7.0,0.7171396406518608,0.28286035934813925,0.7171396406518608,True,0.8485810780444177,TB,LA
SF,CAR,7.5,0.7595315378369787,0.2404684621630213,0.7595315378369787,True,0.7214053864890639,SF,SF
DET,GB,2.5,0.5877384435504027,0.4122615564495973,0.5877384435504027,False,0.8245231128991946,GB,GB
KC,DAL,3.5,0.6661875605910794,0.3338124394089206,0.6661875605910794,False,0.6676248788178412,DAL,DAL
BAL,CIN,7.0,0.7509147967989551,0.24908520320104488,0.7509147967989551,True,0.7472556096031346,BAL,CIN
PHI,CHI,7.0,0.7421300312099194,0.2578699687900806,0.7421300312099194,True,0.7736099063702419,CHI,CHI
LA,CAR,10.0,0.7992337952226737,0.20076620477732632,0.7992337952226737,True,0.602298614331979,LA,CAR
SF,CLE,5.5,0.7034255793955562,0.29657442060444383,0.7034255793955562,False,0.5931488412088877,SF,SF
IND,HOU,3.0,0.5614952539385618,0.4385047460614382,0.5614952539385618,False,0.8770094921228764,HOU,HOU
MIA,NO,5.5,0.6613780691894592,0.3386219308105408,0.6613780691894592,False,0.6772438616210816,NO,MIA
ATL,NYJ,3.0,0.5903533284734295,0.4096466715265705,0.5903533284734295,False,0.819293343053141,NYJ,NYJ
TB,ARI,4.5,0.6410151958599817,0.3589848041400183,0.6410151958599817,False,0.7179696082800366,ARI,TB
JAX,TEN,6.0,0.7349758118131842,0.26502418818681583,0.7349758118131842,False,0.5300483763736317,JAX,JAX
SEA,MIN,12.5,0.8925433118312224,0.10745668816877763,0.8925433118312224,True,0.3223700645063329,SEA,SEA
LAC,LV,10.0,0.7722586799723161,0.22774132002768388,0.7722586799723161,True,0.6832239600830516,LAC,LAC
BUF,PIT,3.0,0.6212042986386439,0.3787957013613561,0.6212042986386439,False,0.7575914027227122,PIT,BUF
DEN,WAS,6.5,0.7369540870196556,0.2630459129803444,0.7369540870196556,False,0.5260918259606888,DEN,DEN
NE,NYG,7.0,0.7741730400300642,0.22582695996993585,0.7741730400300642,True,0.6774808799098075,NE,NE
DET,DAL,3.5,0.6594090235930405,0.34059097640695946,0.6594090235930405,False,0.6811819528139189,DAL,DET
SEA,ATL,7.0,0.7346152888321263,0.26538471116787365,0.7346152888321263,True,0.796154133503621,ATL,SEA
BAL,PIT,5.5,0.655127309097929,0.34487269090207096,0.655127309097929,False,0.6897453818041419,PIT,PIT
CLE,TEN,4.5,0.6429699392965313,0.35703006070346865,0.6429699392965313,False,0.7140601214069373,TEN,TEN
GB,CHI,6.5,0.6983841604697436,0.3016158395302564,0.6983841604697436,False,0.6032316790605128,GB,GB
IND,JAX,2.5,0.6257629358542731,0.3742370641457269,0.6257629358542731,False,0.7484741282914538,JAX,JAX
WAS,MIN,1.5,0.4697284048384157,0.5302715951615843,0.4697284048384157,False,1.0605431903231686,MIN,MIN
MIA,NYJ,2.5,0.5876956128759758,0.4123043871240242,0.5876956128759758,False,0.8246087742480483,NYJ,MIA
TB,NO,7.5,0.7280618812066614,0.2719381187933386,0.7280618812066614,True,0.8158143563800159,NO,NO
DEN,LV,8.5,0.7820007235240785,0.21799927647592154,0.7820007235240785,True,0.6539978294277646,DEN,DEN
LA,ARI,9.5,0.8161222086679623,0.18387779133203774,0.8161222086679623,True,0.5516333739961132,LA,LA
BUF,CIN,6.0,0.7456753842060955,0.25432461579390453,0.7456753842060955,False,0.5086492315878091,BUF,BUF
KC,HOU,4.5,0.6670434200329902,0.3329565799670098,0.6670434200329902,False,0.6659131599340196,KC,HOU
PHI,LAC,1.5,0.5900057526607254,0.4099942473392746,0.5900057526607254,False,0.8199884946785492,LAC,LAC
TB,ATL,6.0,0.7249503885459389,0.27504961145406115,0.7249503885459389,False,0.5500992229081223,TB,ATL
CHI,CLE,7.5,0.7451542890342668,0.25484571096573316,0.7451542890342668,True,0.7645371328971995,CLE,CHI
BAL,CIN,2.5,0.583154292781173,0.41684570721882697,0.583154292781173,False,0.8336914144376539,CIN,BAL
HOU,ARI,10.5,0.8318435204555107,0.1681564795444893,0.8318435204555107,True,0.5044694386334679,HOU,HOU
JAX,NYJ,13.5,0.8926273169671968,0.10737268303280323,0.8926273169671968,True,0.3221180490984097,JAX,JAX
KC,LAC,5.5,0.6676281193880171,0.33237188061198286,0.6676281193880171,False,0.6647437612239657,KC,LAC
BUF,NE,2.5,0.5997629240348508,0.40023707596514924,0.5997629240348508,False,0.8004741519302985,NE,BUF
NYG,WAS,2.5,0.5749742330628691,0.4250257669371309,0.5749742330628691,False,0.8500515338742618,WAS,WAS
PHI,LV,12.5,0.8758418291440605,0.1241581708559395,0.8758418291440605,True,0.3724745125678185,PHI,PHI
GB,DEN,1.5,0.551769452763913,0.448230547236087,0.551769452763913,False,0.896461094472174,DEN,DEN
LA,DET,5.5,0.6492013115341382,0.3507986884658618,0.6492013115341382,False,0.7015973769317236,DET,LA
CAR,NO,2.5,0.5686734028856884,0.43132659711431165,0.5686734028856884,False,0.8626531942286233,NO,NO
SEA,IND,13.5,0.9109617652571425,0.08903823474285755,0.9109617652571425,True,0.26711470422857264,SEA,SEA
SF,TEN,12.5,0.8729798473253569,0.12702015267464306,0.8729798473253569,True,0.3810604580239292,SF,SF
DAL,MIN,5.5,0.6512239529874201,0.3487760470125799,0.6512239529874201,False,0.6975520940251598,MIN,MIN
PIT,MIA,3.0,0.6153114228046302,0.38468857719536975,0.6153114228046302,False,0.7693771543907395,MIA,PIT
SEA,LA,1.5,0.6025119700753553,0.3974880299246447,0.6025119700753553,False,0.7949760598492894,LA,SEA
CHI,GB,1.5,0.6153656926442973,0.3846343073557027,0.6153656926442973,False,0.7692686147114054,GB,CHI
PHI,WAS,7.0,0.7273492510751751,0.2726507489248249,0.7273492510751751,True,0.8179522467744746,WAS,PHI
BAL,NE,3.5,0.6421781095858325,0.35782189041416745,0.6421781095858325,False,0.7156437808283349,NE,NE
TB,CAR,3.0,0.6468928121363262,0.3531071878636738,0.6468928121363262,False,0.7062143757273476,CAR,CAR
BUF,CLE,10.5,0.8088028031383271,0.1911971968616729,0.8088028031383271,True,0.5735915905850187,BUF,BUF
DAL,LAC,1.5,0.4729545953838681,0.5270454046161319,0.4729545953838681,False,1.0540908092322638,LAC,LAC
NO,NYJ,6.5,0.7647546139237066,0.23524538607629342,0.7647546139237066,False,0.47049077215258683,NO,NO
MIN,NYG,2.5,0.5648100235271611,0.43518997647283886,0.5648100235271611,False,0.8703799529456777,NYG,MIN
KC,TEN,3.5,0.6353324307156363,0.3646675692843637,0.6353324307156363,False,0.7293351385687274,TEN,TEN
ATL,ARI,2.5,0.6276030340062833,0.37239696599371674,0.6276030340062833,False,0.7447939319874335,ARI,ATL
DEN,JAX,3.5,0.6245394223218462,0.3754605776781538,0.6245394223218462,False,0.7509211553563075,JAX,JAX
DET,PIT,7.5,0.7784591882306088,0.22154081176939122,0.7784591882306088,True,0.6646224353081737,DET,PIT
HOU,LV,14.5,0.9266557632759449,0.0733442367240551,0.9266557632759449,True,0.2200327101721653,HOU,HOU
CIN,MIA,3.5,0.6302458915193416,0.36975410848065837,0.6302458915193416,False,0.7395082169613167,MIA,CIN
SF,IND,4.5,0.6359808541294698,0.3640191458705302,0.6359808541294698,False,0.7280382917410604,IND,SF
DAL,WAS,8.5,0.7630832080638675,0.23691679193613246,0.7630832080638675,True,0.7107503758083974,DAL,DAL
DET,MIN,7.0,0.6668263085488968,0.3331736914511032,0.6668263085488968,True,0.9995210743533096,MIN,MIN
DEN,KC,13.5,0.7951717483515645,0.20482825164843554,0.7951717483515645,True,0.6144847549453066,DEN,DEN
SEA,CAR,6.5,0.7322168792436263,0.26778312075637367,0.7322168792436263,False,0.5355662415127473,SEA,SEA
CIN,ARI,7.0,0.7620432137271864,0.23795678627281358,0.7620432137271864,True,0.7138703588184407,CIN,CIN
PIT,CLE,4.5,0.6836961060107551,0.31630389398924486,0.6836961060107551,False,0.6326077879784897,PIT,CLE
GB,BAL,2.5,0.6097357132238903,0.3902642867761097,0.6097357132238903,False,0.7805285735522194,BAL,BAL
JAX,IND,3.5,0.6356683527048059,0.36433164729519407,0.6356683527048059,False,0.7286632945903881,IND,JAX
LAC,HOU,1.5,0.5784714777419678,0.42152852225803217,0.5784714777419678,False,0.8430570445160643,HOU,HOU
NYG,LV,3.0,0.6152600260595338,0.3847399739404662,0.6152600260595338,False,0.7694799478809324,LV,NYG
TB,MIA,5.5,0.6974908627997043,0.3025091372002957,0.6974908627997043,False,0.6050182744005914,TB,MIA
NE,NYJ,12.5,0.7979427619617261,0.2020572380382739,0.7979427619617261,True,0.6061717141148217,NE,NE
NO,TEN,1.5,0.5625467064586689,0.4374532935413311,0.5625467064586689,False,0.8749065870826622,TEN,NO
BUF,PHI,3.0,0.672940896654869,0.327059103345131,0.672940896654869,False,0.654118206690262,BUF,PHI
SF,CHI,3.5,0.6425224704648571,0.3574775295351429,0.6425224704648571,False,0.7149550590702858,CHI,SF
LA,ATL,7.5,0.727842644757674,0.272157355242326,0.727842644757674,True,0.816472065726978,ATL,ATL
ATL,NO,4.5,0.6511665405999885,0.34883345940001154,0.6511665405999885,False,0.6976669188000231,NO,ATL
BUF,NYJ,12.5,0.9056595543342686,0.09434044566573141,0.9056595543342686,True,0.28302133699719423,BUF,BUF
CHI,DET,3.5,0.6108284488236846,0.3891715511763154,0.6108284488236846,False,0.7783431023526308,DET,DET
CIN,CLE,9.5,0.8234990187491626,0.17650098125083735,0.8234990187491626,True,0.5295029437525121,CIN,CLE
DEN,LAC,14.5,0.9198843248705882,0.08011567512941176,0.9198843248705882,True,0.24034702538823527,DEN,DEN
HOU,IND,9.5,0.8042008309102955,0.19579916908970452,0.8042008309102955,True,0.5873975072691136,HOU,HOU
JAX,TEN,12.5,0.8695951029973078,0.1304048970026922,0.8695951029973078,True,0.3912146910080766,JAX,JAX
LA,ARI,14.5,0.9054065799821034,0.09459342001789661,0.9054065799821034,True,0.28378026005368984,LA,LA
KC,LV,3.5,0.6406739341586438,0.3593260658413562,0.6406739341586438,False,0.7186521316827124,LV,LV
MIN,GB,12.5,0.8908170579134452,0.10918294208655477,0.8908170579134452,True,0.3275488262596643,MIN,MIN
NE,MIA,14.0,0.9167539301350456,0.08324606986495442,0.9167539301350456,True,0.24973820959486326,NE,NE
DAL,NYG,3.0,0.5976468843605822,0.4023531156394178,0.5976468843605822,False,0.8047062312788356,NYG,NYG
PHI,WAS,3.0,0.5909116805977691,0.4090883194022309,0.5909116805977691,False,0.8181766388044618,WAS,WAS
BAL,PIT,4.5,0.6439121650269785,0.35608783497302154,0.6439121650269785,False,0.7121756699460431,PIT,PIT
SEA,SF,2.5,0.568967349350527,0.43103265064947305,0.568967349350527,False,0.8620653012989461,SF,SEA
TB,CAR,3.0,0.6083106993636503,0.39168930063634966,0.6083106993636503,False,0.7833786012726993,CAR,TB
